Step,Mode,Time,SC:10,TA:10,GA:10,SP:10,GC:10,CC:10,SC_d:100,TA_d:100,GA_d:100,SP_d:100,CC_d:100
0,1,0.4,24.40327682,,,,,,297.7541479,,,,
0,1,0.8,23.2659436,,,,,,281.6739028,,,,
0,1,1.2,22.18709335,,,,,,266.4864116,,,,
0,1,1.6,21.18876918,,,,,,252.1383845,,,,
0,1,2,20.32553802,,,,,,238.5806659,,,,