Step,Mode,Time,SC:10,TA:10,GA:10,SC_d:100,TA_d:100,GA_d:100
0,1,0.4,24.40327682,,,297.7541479,,
0,1,0.8,23.2659436,,,281.6739028,,
0,1,1.2,22.18709335,,,266.4864116,,
0,1,1.6,21.18876918,,,252.1383845,,
0,1,2,20.32553802,,,238.5806659,,
1,2,2.066666667,20.35481411,,,238.5966676,,
1,2,2.133333333,20.38491277,,,238.6135024,,
1,2,2.2,20.41430297,,,238.6303281,,
1,2,2.266666667,20.442945,,,238.6471443,,
1,2,2.333333333,20.47084434,,,238.6639511,,